﻿{"cameraMode":{"drawMode":0,"name":"Shaded","section":"Shading Mode"},"sceneLighting":false,"audioPlay":false,"sceneViewState":{"showFog":true,"showMaterialUpdate":true,"showSkybox":false,"showFlares":true,"showImageEffects":true,"showParticleSystems":true},"in2DMode":false,"pivot":{"x":82.56885528564453,"y":32.37690734863281,"z":-50.16135787963867},"rotation":{"x":-0.2594570517539978,"y":0.022546298801898958,"z":-0.0060622673481702808,"w":-0.965472400188446},"size":22.0,"orthographic":false}