﻿{"cameraMode":{"drawMode":0,"name":"Shaded","section":"Shading Mode"},"sceneLighting":false,"audioPlay":false,"sceneViewState":{"showFog":true,"showMaterialUpdate":true,"showSkybox":false,"showFlares":true,"showImageEffects":true,"showParticleSystems":true},"in2DMode":false,"pivot":{"x":10.949999809265137,"y":0.8500000238418579,"z":-9.899999618530274},"rotation":{"x":-0.1875607967376709,"y":0.05972890928387642,"z":-0.011430053040385247,"w":-0.9803687334060669},"size":2.8578836917877199,"orthographic":false}