﻿{"cameraMode":{"drawMode":0,"name":"Shaded","section":"Shading Mode"},"sceneLighting":true,"audioPlay":false,"sceneViewState":{"showFog":true,"showMaterialUpdate":true,"showSkybox":true,"showFlares":true,"showImageEffects":true,"showParticleSystems":true},"in2DMode":false,"pivot":{"x":53.17167663574219,"y":-481.77471923828127,"z":473.579345703125},"rotation":{"x":-0.3838367462158203,"y":-0.049048323184251788,"z":0.020418547093868257,"w":-0.9218712449073792},"size":700.0357666015625,"orthographic":false}