﻿{"cameraMode":{"drawMode":0,"name":"Shaded","section":"Shading Mode"},"sceneLighting":false,"audioPlay":false,"sceneViewState":{"showFog":true,"showMaterialUpdate":true,"showSkybox":false,"showFlares":true,"showImageEffects":true,"showParticleSystems":true},"in2DMode":false,"pivot":{"x":4.039999961853027,"y":0.49000000953674319,"z":-10.5},"rotation":{"x":-0.39816907048225405,"y":-0.007479909807443619,"z":0.003243120852857828,"w":-0.9172759056091309},"size":3.5949323177337648,"orthographic":false}