﻿{"cameraMode":{"drawMode":0,"name":"Shaded","section":"Shading Mode"},"sceneLighting":false,"audioPlay":false,"sceneViewState":{"showFog":true,"showMaterialUpdate":true,"showSkybox":false,"showFlares":true,"showImageEffects":true,"showParticleSystems":true},"in2DMode":false,"pivot":{"x":-0.44049882888793948,"y":0.5099999904632568,"z":-0.014999866485595703},"rotation":{"x":-0.2764495313167572,"y":0.052679188549518588,"z":-0.015180705115199089,"w":-0.9594634771347046},"size":58.31075668334961,"orthographic":false}