﻿{"cameraMode":{"drawMode":0,"name":"Shaded","section":"Shading Mode"},"sceneLighting":true,"audioPlay":false,"sceneViewState":{"showFog":true,"showMaterialUpdate":true,"showSkybox":true,"showFlares":true,"showImageEffects":true,"showParticleSystems":true},"in2DMode":false,"pivot":{"x":-1.066372275352478,"y":10.92965316772461,"z":-17.782833099365236},"rotation":{"x":-0.24789781868457795,"y":0.012448499910533429,"z":-0.003187819616869092,"w":-0.9687010049819946},"size":15.093077659606934,"orthographic":false}